_id,Nama ODTW,Kode ODTW,Bulan kunjungan,Klasifikasi pengunjung/ wisatawan,Jumlah pengunjung/ wisatawan
"1,PANTAI RIA KENJERAN,"""",JANUARI,WISMAN,0"
"2,PANTAI RIA KENJERAN,"""",JANUARI,WISNUS,12185"
"3,PANTAI RIA KENJERAN,"""",FEBRUARI,WISMAN,0"
"4,PANTAI RIA KENJERAN,"""",FEBRUARI,WISNUS,10097"
"5,PANTAI RIA KENJERAN,"""",MARET,WISMAN,0"
"6,PANTAI RIA KENJERAN,"""",MARET,WISNUS,9586"
"7,PANTAI RIA KENJERAN,"""",APRIL,WISMAN,0"
"8,PANTAI RIA KENJERAN,"""",APRIL,WISNUS,10023"
"9,PANTAI RIA KENJERAN,"""",MEI,WISMAN,0"
"10,PANTAI RIA KENJERAN,"""",MEI,WISNUS,3269"
"11,PANTAI RIA KENJERAN,"""",JUNI,WISMAN,0"
"12,PANTAI RIA KENJERAN,"""",JUNI,WISNUS,2235"
"13,PANTAI RIA KENJERAN,"""",JULI,WISMAN,0"
"14,PANTAI RIA KENJERAN,"""",JULI,WISNUS,0"
"15,PANTAI RIA KENJERAN,"""",AGUSTUS,WISMAN,0"
"16,PANTAI RIA KENJERAN,"""",AGUSTUS,WISNUS,0"
"17,PANTAI RIA KENJERAN,"""",SEPTEMBER,WISMAN,0"
"18,PANTAI RIA KENJERAN,"""",SEPTEMBER,WISNUS,243"
"19,PANTAI RIA KENJERAN,"""",OKTOBER,WISMAN,0"
"20,PANTAI RIA KENJERAN,"""",OKTOBER,WISNUS,317"
"21,PANTAI RIA KENJERAN,"""",NOPEMBER,WISMAN,0"
"22,PANTAI RIA KENJERAN,"""",NOPEMBER,WISNUS,827"
"23,PANTAI RIA KENJERAN,"""",DESEMBER,WISMAN,0"
"24,PANTAI RIA KENJERAN,"""",DESEMBER,WISNUS,794"
"25,UPTD THP. KENJERAN,"""",JANUARI,WISMAN,0"
"26,UPTD THP. KENJERAN,"""",JANUARI,WISNUS,0"
"27,UPTD THP. KENJERAN,"""",FEBRUARI,WISMAN,0"
"28,UPTD THP. KENJERAN,"""",FEBRUARI,WISNUS,0"
"29,UPTD THP. KENJERAN,"""",MARET,WISMAN,0"
"30,UPTD THP. KENJERAN,"""",MARET,WISNUS,0"
"31,UPTD THP. KENJERAN,"""",APRIL,WISMAN,0"
"32,UPTD THP. KENJERAN,"""",APRIL,WISNUS,0"
"33,UPTD THP. KENJERAN,"""",MEI,WISMAN,0"
"34,UPTD THP. KENJERAN,"""",MEI,WISNUS,0"
"35,UPTD THP. KENJERAN,"""",JUNI,WISMAN,0"
"36,UPTD THP. KENJERAN,"""",JUNI,WISNUS,0"
"37,UPTD THP. KENJERAN,"""",JULI,WISMAN,0"
"38,UPTD THP. KENJERAN,"""",JULI,WISNUS,0"
"39,UPTD THP. KENJERAN,"""",AGUSTUS,WISMAN,0"
"40,UPTD THP. KENJERAN,"""",AGUSTUS,WISNUS,0"
"41,UPTD THP. KENJERAN,"""",SEPTEMBER,WISMAN,0"
"42,UPTD THP. KENJERAN,"""",SEPTEMBER,WISNUS,0"
"43,UPTD THP. KENJERAN,"""",OKTOBER,WISMAN,0"
"44,UPTD THP. KENJERAN,"""",OKTOBER,WISNUS,0"
"45,UPTD THP. KENJERAN,"""",NOPEMBER,WISMAN,0"
"46,UPTD THP. KENJERAN,"""",NOPEMBER,WISNUS,27643"
"47,UPTD THP. KENJERAN,"""",DESEMBER,WISMAN,2"
"48,UPTD THP. KENJERAN,"""",DESEMBER,WISNUS,60042"
"49,UPTD BALAI PEMUDA & TIC,"""",JANUARI,WISMAN,0"
"50,UPTD BALAI PEMUDA & TIC,"""",JANUARI,WISNUS,675"
"51,UPTD BALAI PEMUDA & TIC,"""",FEBRUARI,WISMAN,0"
"52,UPTD BALAI PEMUDA & TIC,"""",FEBRUARI,WISNUS,691"
"53,UPTD BALAI PEMUDA & TIC,"""",MARET,WISMAN,0"
"54,UPTD BALAI PEMUDA & TIC,"""",MARET,WISNUS,1092"
"55,UPTD BALAI PEMUDA & TIC,"""",APRIL,WISMAN,0"
"56,UPTD BALAI PEMUDA & TIC,"""",APRIL,WISNUS,975"
"57,UPTD BALAI PEMUDA & TIC,"""",MEI,WISMAN,0"
"58,UPTD BALAI PEMUDA & TIC,"""",MEI,WISNUS,797"
"59,UPTD BALAI PEMUDA & TIC,"""",JUNI,WISMAN,0"
"60,UPTD BALAI PEMUDA & TIC,"""",JUNI,WISNUS,1120"
"61,UPTD BALAI PEMUDA & TIC,"""",JULI,WISMAN,0"
"62,UPTD BALAI PEMUDA & TIC,"""",JULI,WISNUS,0"
"63,UPTD BALAI PEMUDA & TIC,"""",AGUSTUS,WISMAN,0"
"64,UPTD BALAI PEMUDA & TIC,"""",AGUSTUS,WISNUS,0"
"65,UPTD BALAI PEMUDA & TIC,"""",SEPTEMBER,WISMAN,0"
"66,UPTD BALAI PEMUDA & TIC,"""",SEPTEMBER,WISNUS,895"
"67,UPTD BALAI PEMUDA & TIC,"""",OKTOBER,WISMAN,0"
"68,UPTD BALAI PEMUDA & TIC,"""",OKTOBER,WISNUS,2980"
"69,UPTD BALAI PEMUDA & TIC,"""",NOPEMBER,WISMAN,0"
"70,UPTD BALAI PEMUDA & TIC,"""",NOPEMBER,WISNUS,3094"
"71,UPTD BALAI PEMUDA & TIC,"""",DESEMBER,WISMAN,0"
"72,UPTD BALAI PEMUDA & TIC,"""",DESEMBER,WISNUS,15811"
"73,MONTUGU PAHLAWAN,"""",JANUARI,WISMAN,0"
"74,MONTUGU PAHLAWAN,"""",JANUARI,WISNUS,0"
"75,MONTUGU PAHLAWAN,"""",FEBRUARI,WISMAN,0"
"76,MONTUGU PAHLAWAN,"""",FEBRUARI,WISNUS,23"
"77,MONTUGU PAHLAWAN,"""",MARET,WISMAN,7"
"78,MONTUGU PAHLAWAN,"""",MARET,WISNUS,28"
"79,MONTUGU PAHLAWAN,"""",APRIL,WISMAN,8"
"80,MONTUGU PAHLAWAN,"""",APRIL,WISNUS,348"
"81,MONTUGU PAHLAWAN,"""",MEI,WISMAN,1"
"82,MONTUGU PAHLAWAN,"""",MEI,WISNUS,1467"
"83,MONTUGU PAHLAWAN,"""",JUNI,WISMAN,5"
"84,MONTUGU PAHLAWAN,"""",JUNI,WISNUS,2262"
"85,MONTUGU PAHLAWAN,"""",JULI,WISMAN,0"
"86,MONTUGU PAHLAWAN,"""",JULI,WISNUS,0"
"87,MONTUGU PAHLAWAN,"""",AGUSTUS,WISMAN,0"
"88,MONTUGU PAHLAWAN,"""",AGUSTUS,WISNUS,0"
"89,MONTUGU PAHLAWAN,"""",SEPTEMBER,WISMAN,6"
"90,MONTUGU PAHLAWAN,"""",SEPTEMBER,WISNUS,594"
"91,MONTUGU PAHLAWAN,"""",OKTOBER,WISMAN,26"
"92,MONTUGU PAHLAWAN,"""",OKTOBER,WISNUS,11460"
"93,MONTUGU PAHLAWAN,"""",NOPEMBER,WISMAN,7"
"94,MONTUGU PAHLAWAN,"""",NOPEMBER,WISNUS,5690"
"95,MONTUGU PAHLAWAN,"""",DESEMBER,WISMAN,13"
"96,MONTUGU PAHLAWAN,"""",DESEMBER,WISNUS,7036"
"97,MUSEUM LOKA JALA CRANA,"""",JANUARI,WISMAN,0"
"98,MUSEUM LOKA JALA CRANA,"""",JANUARI,WISNUS,0"
"99,MUSEUM LOKA JALA CRANA,"""",FEBRUARI,WISMAN,0"
"100,MUSEUM LOKA JALA CRANA,"""",FEBRUARI,WISNUS,0"
"101,MUSEUM LOKA JALA CRANA,"""",MARET,WISMAN,0"
"102,MUSEUM LOKA JALA CRANA,"""",MARET,WISNUS,0"
"103,MUSEUM LOKA JALA CRANA,"""",APRIL,WISMAN,0"
"104,MUSEUM LOKA JALA CRANA,"""",APRIL,WISNUS,0"
"105,MUSEUM LOKA JALA CRANA,"""",MEI,WISMAN,0"
"106,MUSEUM LOKA JALA CRANA,"""",MEI,WISNUS,0"
"107,MUSEUM LOKA JALA CRANA,"""",JUNI,WISMAN,0"
"108,MUSEUM LOKA JALA CRANA,"""",JUNI,WISNUS,0"
"109,MUSEUM LOKA JALA CRANA,"""",JULI,WISMAN,0"
"110,MUSEUM LOKA JALA CRANA,"""",JULI,WISNUS,0"
"111,MUSEUM LOKA JALA CRANA,"""",AGUSTUS,WISMAN,0"
"112,MUSEUM LOKA JALA CRANA,"""",AGUSTUS,WISNUS,0"
"113,MUSEUM LOKA JALA CRANA,"""",SEPTEMBER,WISMAN,0"
"114,MUSEUM LOKA JALA CRANA,"""",SEPTEMBER,WISNUS,0"
"115,MUSEUM LOKA JALA CRANA,"""",OKTOBER,WISMAN,0"
"116,MUSEUM LOKA JALA CRANA,"""",OKTOBER,WISNUS,0"
"117,MUSEUM LOKA JALA CRANA,"""",NOPEMBER,WISMAN,0"
"118,MUSEUM LOKA JALA CRANA,"""",NOPEMBER,WISNUS,0"
"119,MUSEUM LOKA JALA CRANA,"""",DESEMBER,WISMAN,0"
"120,MUSEUM LOKA JALA CRANA,"""",DESEMBER,WISNUS,0"
"121,MUSEUM HOUSE OF SAMPOERNA,"""",JANUARI,WISMAN,0"
"122,MUSEUM HOUSE OF SAMPOERNA,"""",JANUARI,WISNUS,0"
"123,MUSEUM HOUSE OF SAMPOERNA,"""",FEBRUARI,WISMAN,0"
"124,MUSEUM HOUSE OF SAMPOERNA,"""",FEBRUARI,WISNUS,0"
"125,MUSEUM HOUSE OF SAMPOERNA,"""",MARET,WISMAN,0"
"126,MUSEUM HOUSE OF SAMPOERNA,"""",MARET,WISNUS,0"
"127,MUSEUM HOUSE OF SAMPOERNA,"""",APRIL,WISMAN,0"
"128,MUSEUM HOUSE OF SAMPOERNA,"""",APRIL,WISNUS,0"
"129,MUSEUM HOUSE OF SAMPOERNA,"""",MEI,WISMAN,0"
"130,MUSEUM HOUSE OF SAMPOERNA,"""",MEI,WISNUS,0"
"131,MUSEUM HOUSE OF SAMPOERNA,"""",JUNI,WISMAN,0"
"132,MUSEUM HOUSE OF SAMPOERNA,"""",JUNI,WISNUS,0"
"133,MUSEUM HOUSE OF SAMPOERNA,"""",JULI,WISMAN,0"
"134,MUSEUM HOUSE OF SAMPOERNA,"""",JULI,WISNUS,0"
"135,MUSEUM HOUSE OF SAMPOERNA,"""",AGUSTUS,WISMAN,0"
"136,MUSEUM HOUSE OF SAMPOERNA,"""",AGUSTUS,WISNUS,0"
"137,MUSEUM HOUSE OF SAMPOERNA,"""",SEPTEMBER,WISMAN,0"
"138,MUSEUM HOUSE OF SAMPOERNA,"""",SEPTEMBER,WISNUS,0"
"139,MUSEUM HOUSE OF SAMPOERNA,"""",OKTOBER,WISMAN,0"
"140,MUSEUM HOUSE OF SAMPOERNA,"""",OKTOBER,WISNUS,0"
"141,MUSEUM HOUSE OF SAMPOERNA,"""",NOPEMBER,WISMAN,0"
"142,MUSEUM HOUSE OF SAMPOERNA,"""",NOPEMBER,WISNUS,0"
"143,MUSEUM HOUSE OF SAMPOERNA,"""",DESEMBER,WISMAN,0"
"144,MUSEUM HOUSE OF SAMPOERNA,"""",DESEMBER,WISNUS,0"
"145,MUSEUM   KESEHATAN,"""",JANUARI,WISMAN,0"
"146,MUSEUM   KESEHATAN,"""",JANUARI,WISNUS,0"
"147,MUSEUM   KESEHATAN,"""",FEBRUARI,WISMAN,0"
"148,MUSEUM   KESEHATAN,"""",FEBRUARI,WISNUS,0"
"149,MUSEUM   KESEHATAN,"""",MARET,WISMAN,0"
"150,MUSEUM   KESEHATAN,"""",MARET,WISNUS,0"
"151,MUSEUM   KESEHATAN,"""",APRIL,WISMAN,0"
"152,MUSEUM   KESEHATAN,"""",APRIL,WISNUS,0"
"153,MUSEUM   KESEHATAN,"""",MEI,WISMAN,0"
"154,MUSEUM   KESEHATAN,"""",MEI,WISNUS,0"
"155,MUSEUM   KESEHATAN,"""",JUNI,WISMAN,0"
"156,MUSEUM   KESEHATAN,"""",JUNI,WISNUS,0"
"157,MUSEUM   KESEHATAN,"""",JULI,WISMAN,0"
"158,MUSEUM   KESEHATAN,"""",JULI,WISNUS,0"
"159,MUSEUM   KESEHATAN,"""",AGUSTUS,WISMAN,0"
"160,MUSEUM   KESEHATAN,"""",AGUSTUS,WISNUS,0"
"161,MUSEUM   KESEHATAN,"""",SEPTEMBER,WISMAN,0"
"162,MUSEUM   KESEHATAN,"""",SEPTEMBER,WISNUS,0"
"163,MUSEUM   KESEHATAN,"""",OKTOBER,WISMAN,0"
"164,MUSEUM   KESEHATAN,"""",OKTOBER,WISNUS,0"
"165,MUSEUM   KESEHATAN,"""",NOPEMBER,WISMAN,0"
"166,MUSEUM   KESEHATAN,"""",NOPEMBER,WISNUS,0"
"167,MUSEUM   KESEHATAN,"""",DESEMBER,WISMAN,0"
"168,MUSEUM   KESEHATAN,"""",DESEMBER,WISNUS,0"
"169,MUSEUM BI / DE JAVASCHE BANK,"""",JANUARI,WISMAN,0"
"170,MUSEUM BI / DE JAVASCHE BANK,"""",JANUARI,WISNUS,0"
"171,MUSEUM BI / DE JAVASCHE BANK,"""",FEBRUARI,WISMAN,0"
"172,MUSEUM BI / DE JAVASCHE BANK,"""",FEBRUARI,WISNUS,0"
"173,MUSEUM BI / DE JAVASCHE BANK,"""",MARET,WISMAN,0"
"174,MUSEUM BI / DE JAVASCHE BANK,"""",MARET,WISNUS,0"
"175,MUSEUM BI / DE JAVASCHE BANK,"""",APRIL,WISMAN,0"
"176,MUSEUM BI / DE JAVASCHE BANK,"""",APRIL,WISNUS,0"
"177,MUSEUM BI / DE JAVASCHE BANK,"""",MEI,WISMAN,0"
"178,MUSEUM BI / DE JAVASCHE BANK,"""",MEI,WISNUS,0"
"179,MUSEUM BI / DE JAVASCHE BANK,"""",JUNI,WISMAN,0"
"180,MUSEUM BI / DE JAVASCHE BANK,"""",JUNI,WISNUS,0"
"181,MUSEUM BI / DE JAVASCHE BANK,"""",JULI,WISMAN,0"
"182,MUSEUM BI / DE JAVASCHE BANK,"""",JULI,WISNUS,0"
"183,MUSEUM BI / DE JAVASCHE BANK,"""",AGUSTUS,WISMAN,0"
"184,MUSEUM BI / DE JAVASCHE BANK,"""",AGUSTUS,WISNUS,0"
"185,MUSEUM BI / DE JAVASCHE BANK,"""",SEPTEMBER,WISMAN,0"
"186,MUSEUM BI / DE JAVASCHE BANK,"""",SEPTEMBER,WISNUS,0"
"187,MUSEUM BI / DE JAVASCHE BANK,"""",OKTOBER,WISMAN,0"
"188,MUSEUM BI / DE JAVASCHE BANK,"""",OKTOBER,WISNUS,0"
"189,MUSEUM BI / DE JAVASCHE BANK,"""",NOPEMBER,WISMAN,0"
"190,MUSEUM BI / DE JAVASCHE BANK,"""",NOPEMBER,WISNUS,0"
"191,MUSEUM BI / DE JAVASCHE BANK,"""",DESEMBER,WISMAN,0"
"192,MUSEUM BI / DE JAVASCHE BANK,"""",DESEMBER,WISNUS,0"
"193,MUSEUM SURABAYA,"""",JANUARI,WISMAN,0"
"194,MUSEUM SURABAYA,"""",JANUARI,WISNUS,0"
"195,MUSEUM SURABAYA,"""",FEBRUARI,WISMAN,0"
"196,MUSEUM SURABAYA,"""",FEBRUARI,WISNUS,0"
"197,MUSEUM SURABAYA,"""",MARET,WISMAN,0"
"198,MUSEUM SURABAYA,"""",MARET,WISNUS,0"
"199,MUSEUM SURABAYA,"""",APRIL,WISMAN,0"
"200,MUSEUM SURABAYA,"""",APRIL,WISNUS,52"
"201,MUSEUM SURABAYA,"""",MEI,WISMAN,0"
"202,MUSEUM SURABAYA,"""",MEI,WISNUS,97"
"203,MUSEUM SURABAYA,"""",JUNI,WISMAN,0"
"204,MUSEUM SURABAYA,"""",JUNI,WISNUS,39"
"205,MUSEUM SURABAYA,"""",JULI,WISMAN,0"
"206,MUSEUM SURABAYA,"""",JULI,WISNUS,0"
"207,MUSEUM SURABAYA,"""",AGUSTUS,WISMAN,0"
"208,MUSEUM SURABAYA,"""",AGUSTUS,WISNUS,0"
"209,MUSEUM SURABAYA,"""",SEPTEMBER,WISMAN,0"
"210,MUSEUM SURABAYA,"""",SEPTEMBER,WISNUS,0"
"211,MUSEUM SURABAYA,"""",OKTOBER,WISMAN,0"
"212,MUSEUM SURABAYA,"""",OKTOBER,WISNUS,67"
"213,MUSEUM SURABAYA,"""",NOPEMBER,WISMAN,0"
"214,MUSEUM SURABAYA,"""",NOPEMBER,WISNUS,230"
"215,MUSEUM SURABAYA,"""",DESEMBER,WISMAN,0"
"216,MUSEUM SURABAYA,"""",DESEMBER,WISNUS,305"
"217,MUSEUM WR.SUPRATMAN,"""",JANUARI,WISMAN,0"
"218,MUSEUM WR.SUPRATMAN,"""",JANUARI,WISNUS,0"
"219,MUSEUM WR.SUPRATMAN,"""",FEBRUARI,WISMAN,0"
"220,MUSEUM WR.SUPRATMAN,"""",FEBRUARI,WISNUS,0"
"221,MUSEUM WR.SUPRATMAN,"""",MARET,WISMAN,0"
"222,MUSEUM WR.SUPRATMAN,"""",MARET,WISNUS,0"
"223,MUSEUM WR.SUPRATMAN,"""",APRIL,WISMAN,0"
"224,MUSEUM WR.SUPRATMAN,"""",APRIL,WISNUS,19"
"225,MUSEUM WR.SUPRATMAN,"""",MEI,WISMAN,0"
"226,MUSEUM WR.SUPRATMAN,"""",MEI,WISNUS,72"
"227,MUSEUM WR.SUPRATMAN,"""",JUNI,WISMAN,0"
"228,MUSEUM WR.SUPRATMAN,"""",JUNI,WISNUS,36"
"229,MUSEUM WR.SUPRATMAN,"""",JULI,WISMAN,0"
"230,MUSEUM WR.SUPRATMAN,"""",JULI,WISNUS,0"
"231,MUSEUM WR.SUPRATMAN,"""",AGUSTUS,WISMAN,0"
"232,MUSEUM WR.SUPRATMAN,"""",AGUSTUS,WISNUS,0"
"233,MUSEUM WR.SUPRATMAN,"""",SEPTEMBER,WISMAN,0"
"234,MUSEUM WR.SUPRATMAN,"""",SEPTEMBER,WISNUS,0"
"235,MUSEUM WR.SUPRATMAN,"""",OKTOBER,WISMAN,0"
"236,MUSEUM WR.SUPRATMAN,"""",OKTOBER,WISNUS,55"
"237,MUSEUM WR.SUPRATMAN,"""",NOPEMBER,WISMAN,0"
"238,MUSEUM WR.SUPRATMAN,"""",NOPEMBER,WISNUS,124"
"239,MUSEUM WR.SUPRATMAN,"""",DESEMBER,WISMAN,0"
"240,MUSEUM WR.SUPRATMAN,"""",DESEMBER,WISNUS,129"
"241,MUSEUM DR. SOETOMO & GNI,"""",JANUARI,WISMAN,0"
"242,MUSEUM DR. SOETOMO & GNI,"""",JANUARI,WISNUS,0"
"243,MUSEUM DR. SOETOMO & GNI,"""",FEBRUARI,WISMAN,0"
"244,MUSEUM DR. SOETOMO & GNI,"""",FEBRUARI,WISNUS,0"
"245,MUSEUM DR. SOETOMO & GNI,"""",MARET,WISMAN,0"
"246,MUSEUM DR. SOETOMO & GNI,"""",MARET,WISNUS,0"
"247,MUSEUM DR. SOETOMO & GNI,"""",APRIL,WISMAN,0"
"248,MUSEUM DR. SOETOMO & GNI,"""",APRIL,WISNUS,32"
"249,MUSEUM DR. SOETOMO & GNI,"""",MEI,WISMAN,0"
"250,MUSEUM DR. SOETOMO & GNI,"""",MEI,WISNUS,126"
"251,MUSEUM DR. SOETOMO & GNI,"""",JUNI,WISMAN,0"
"252,MUSEUM DR. SOETOMO & GNI,"""",JUNI,WISNUS,82"
"253,MUSEUM DR. SOETOMO & GNI,"""",JULI,WISMAN,0"
"254,MUSEUM DR. SOETOMO & GNI,"""",JULI,WISNUS,0"
"255,MUSEUM DR. SOETOMO & GNI,"""",AGUSTUS,WISMAN,0"
"256,MUSEUM DR. SOETOMO & GNI,"""",AGUSTUS,WISNUS,0"
"257,MUSEUM DR. SOETOMO & GNI,"""",SEPTEMBER,WISMAN,0"
"258,MUSEUM DR. SOETOMO & GNI,"""",SEPTEMBER,WISNUS,139"
"259,MUSEUM DR. SOETOMO & GNI,"""",OKTOBER,WISMAN,0"
"260,MUSEUM DR. SOETOMO & GNI,"""",OKTOBER,WISNUS,96"
"261,MUSEUM DR. SOETOMO & GNI,"""",NOPEMBER,WISMAN,0"
"262,MUSEUM DR. SOETOMO & GNI,"""",NOPEMBER,WISNUS,239"
"263,MUSEUM DR. SOETOMO & GNI,"""",DESEMBER,WISMAN,0"
"264,MUSEUM DR. SOETOMO & GNI,"""",DESEMBER,WISNUS,371"
"265,MUSEUM HOS COKROAMINOTO,"""",JANUARI,WISMAN,0"
"266,MUSEUM HOS COKROAMINOTO,"""",JANUARI,WISNUS,0"
"267,MUSEUM HOS COKROAMINOTO,"""",FEBRUARI,WISMAN,0"
"268,MUSEUM HOS COKROAMINOTO,"""",FEBRUARI,WISNUS,0"
"269,MUSEUM HOS COKROAMINOTO,"""",MARET,WISMAN,0"
"270,MUSEUM HOS COKROAMINOTO,"""",MARET,WISNUS,0"
"271,MUSEUM HOS COKROAMINOTO,"""",APRIL,WISMAN,0"
"272,MUSEUM HOS COKROAMINOTO,"""",APRIL,WISNUS,52"
"273,MUSEUM HOS COKROAMINOTO,"""",MEI,WISMAN,1"
"274,MUSEUM HOS COKROAMINOTO,"""",MEI,WISNUS,166"
"275,MUSEUM HOS COKROAMINOTO,"""",JUNI,WISMAN,1"
"276,MUSEUM HOS COKROAMINOTO,"""",JUNI,WISNUS,233"
"277,MUSEUM HOS COKROAMINOTO,"""",JULI,WISMAN,0"
"278,MUSEUM HOS COKROAMINOTO,"""",JULI,WISNUS,0"
"279,MUSEUM HOS COKROAMINOTO,"""",AGUSTUS,WISMAN,0"
"280,MUSEUM HOS COKROAMINOTO,"""",AGUSTUS,WISNUS,0"
"281,MUSEUM HOS COKROAMINOTO,"""",SEPTEMBER,WISMAN,0"
"282,MUSEUM HOS COKROAMINOTO,"""",SEPTEMBER,WISNUS,94"
"283,MUSEUM HOS COKROAMINOTO,"""",OKTOBER,WISMAN,2"
"284,MUSEUM HOS COKROAMINOTO,"""",OKTOBER,WISNUS,18"
"285,MUSEUM HOS COKROAMINOTO,"""",NOPEMBER,WISMAN,0"
"286,MUSEUM HOS COKROAMINOTO,"""",NOPEMBER,WISNUS,631"
"287,MUSEUM HOS COKROAMINOTO,"""",DESEMBER,WISMAN,0"
"288,MUSEUM HOS COKROAMINOTO,"""",DESEMBER,WISNUS,632"
"289,MUSEUM PENDIDIKAN,"""",JANUARI,WISMAN,0"
"290,MUSEUM PENDIDIKAN,"""",JANUARI,WISNUS,0"
"291,MUSEUM PENDIDIKAN,"""",FEBRUARI,WISMAN,0"
"292,MUSEUM PENDIDIKAN,"""",FEBRUARI,WISNUS,21"
"293,MUSEUM PENDIDIKAN,"""",MARET,WISMAN,0"
"294,MUSEUM PENDIDIKAN,"""",MARET,WISNUS,21"
"295,MUSEUM PENDIDIKAN,"""",APRIL,WISMAN,0"
"296,MUSEUM PENDIDIKAN,"""",APRIL,WISNUS,159"
"297,MUSEUM PENDIDIKAN,"""",MEI,WISMAN,1"
"298,MUSEUM PENDIDIKAN,"""",MEI,WISNUS,775"
"299,MUSEUM PENDIDIKAN,"""",JUNI,WISMAN,1"
"300,MUSEUM PENDIDIKAN,"""",JUNI,WISNUS,1207"
"301,MUSEUM PENDIDIKAN,"""",JULI,WISMAN,0"
"302,MUSEUM PENDIDIKAN,"""",JULI,WISNUS,0"
"303,MUSEUM PENDIDIKAN,"""",AGUSTUS,WISMAN,0"
"304,MUSEUM PENDIDIKAN,"""",AGUSTUS,WISNUS,0"
"305,MUSEUM PENDIDIKAN,"""",SEPTEMBER,WISMAN,0"
"306,MUSEUM PENDIDIKAN,"""",SEPTEMBER,WISNUS,355"
"307,MUSEUM PENDIDIKAN,"""",OKTOBER,WISMAN,0"
"308,MUSEUM PENDIDIKAN,"""",OKTOBER,WISNUS,336"
"309,MUSEUM PENDIDIKAN,"""",NOPEMBER,WISMAN,1"
"310,MUSEUM PENDIDIKAN,"""",NOPEMBER,WISNUS,855"
"311,MUSEUM PENDIDIKAN,"""",DESEMBER,WISMAN,0"
"312,MUSEUM PENDIDIKAN,"""",DESEMBER,WISNUS,2124"
"313,MUSEUM OLAHRAGA,"""",JANUARI,WISMAN,0"
"314,MUSEUM OLAHRAGA,"""",JANUARI,WISNUS,0"
"315,MUSEUM OLAHRAGA,"""",FEBRUARI,WISMAN,0"
"316,MUSEUM OLAHRAGA,"""",FEBRUARI,WISNUS,0"
"317,MUSEUM OLAHRAGA,"""",MARET,WISMAN,0"
"318,MUSEUM OLAHRAGA,"""",MARET,WISNUS,0"
"319,MUSEUM OLAHRAGA,"""",APRIL,WISMAN,0"
"320,MUSEUM OLAHRAGA,"""",APRIL,WISNUS,0"
"321,MUSEUM OLAHRAGA,"""",MEI,WISMAN,0"
"322,MUSEUM OLAHRAGA,"""",MEI,WISNUS,373"
"323,MUSEUM OLAHRAGA,"""",JUNI,WISMAN,0"
"324,MUSEUM OLAHRAGA,"""",JUNI,WISNUS,361"
"325,MUSEUM OLAHRAGA,"""",JULI,WISMAN,0"
"326,MUSEUM OLAHRAGA,"""",JULI,WISNUS,0"
"327,MUSEUM OLAHRAGA,"""",AGUSTUS,WISMAN,0"
"328,MUSEUM OLAHRAGA,"""",AGUSTUS,WISNUS,0"
"329,MUSEUM OLAHRAGA,"""",SEPTEMBER,WISMAN,0"
"330,MUSEUM OLAHRAGA,"""",SEPTEMBER,WISNUS,198"
"331,MUSEUM OLAHRAGA,"""",OKTOBER,WISMAN,0"
"332,MUSEUM OLAHRAGA,"""",OKTOBER,WISNUS,158"
"333,MUSEUM OLAHRAGA,"""",NOPEMBER,WISMAN,0"
"334,MUSEUM OLAHRAGA,"""",NOPEMBER,WISNUS,410"
"335,MUSEUM OLAHRAGA,"""",DESEMBER,WISMAN,0"
"336,MUSEUM OLAHRAGA,"""",DESEMBER,WISNUS,466"
"337,MUSEUM NU,"""",JANUARI,WISMAN,0"
"338,MUSEUM NU,"""",JANUARI,WISNUS,28"
"339,MUSEUM NU,"""",FEBRUARI,WISMAN,0"
"340,MUSEUM NU,"""",FEBRUARI,WISNUS,20"
"341,MUSEUM NU,"""",MARET,WISMAN,0"
"342,MUSEUM NU,"""",MARET,WISNUS,70"
"343,MUSEUM NU,"""",APRIL,WISMAN,0"
"344,MUSEUM NU,"""",APRIL,WISNUS,143"
"345,MUSEUM NU,"""",MEI,WISMAN,0"
"346,MUSEUM NU,"""",MEI,WISNUS,49"
"347,MUSEUM NU,"""",JUNI,WISMAN,0"
"348,MUSEUM NU,"""",JUNI,WISNUS,28"
"349,MUSEUM NU,"""",JULI,WISMAN,0"
"350,MUSEUM NU,"""",JULI,WISNUS,6"
"351,MUSEUM NU,"""",AGUSTUS,WISMAN,0"
"352,MUSEUM NU,"""",AGUSTUS,WISNUS,4"
"353,MUSEUM NU,"""",SEPTEMBER,WISMAN,0"
"354,MUSEUM NU,"""",SEPTEMBER,WISNUS,19"
"355,MUSEUM NU,"""",OKTOBER,WISMAN,0"
"356,MUSEUM NU,"""",OKTOBER,WISNUS,162"
"357,MUSEUM NU,"""",NOPEMBER,WISMAN,0"
"358,MUSEUM NU,"""",NOPEMBER,WISNUS,99"
"359,MUSEUM NU,"""",DESEMBER,WISMAN,0"
"360,MUSEUM NU,"""",DESEMBER,WISNUS,92"
"361,MASJID AL-AKBAR,"""",JANUARI,WISMAN,0"
"362,MASJID AL-AKBAR,"""",JANUARI,WISNUS,56"
"363,MASJID AL-AKBAR,"""",FEBRUARI,WISMAN,0"
"364,MASJID AL-AKBAR,"""",FEBRUARI,WISNUS,341"
"365,MASJID AL-AKBAR,"""",MARET,WISMAN,0"
"366,MASJID AL-AKBAR,"""",MARET,WISNUS,0"
"367,MASJID AL-AKBAR,"""",APRIL,WISMAN,0"
"368,MASJID AL-AKBAR,"""",APRIL,WISNUS,0"
"369,MASJID AL-AKBAR,"""",MEI,WISMAN,0"
"370,MASJID AL-AKBAR,"""",MEI,WISNUS,16"
"371,MASJID AL-AKBAR,"""",JUNI,WISMAN,0"
"372,MASJID AL-AKBAR,"""",JUNI,WISNUS,0"
"373,MASJID AL-AKBAR,"""",JULI,WISMAN,0"
"374,MASJID AL-AKBAR,"""",JULI,WISNUS,0"
"375,MASJID AL-AKBAR,"""",AGUSTUS,WISMAN,0"
"376,MASJID AL-AKBAR,"""",AGUSTUS,WISNUS,0"
"377,MASJID AL-AKBAR,"""",SEPTEMBER,WISMAN,0"
"378,MASJID AL-AKBAR,"""",SEPTEMBER,WISNUS,0"
"379,MASJID AL-AKBAR,"""",OKTOBER,WISMAN,0"
"380,MASJID AL-AKBAR,"""",OKTOBER,WISNUS,0"
"381,MASJID AL-AKBAR,"""",NOPEMBER,WISMAN,0"
"382,MASJID AL-AKBAR,"""",NOPEMBER,WISNUS,0"
"383,MASJID AL-AKBAR,"""",DESEMBER,WISMAN,0"
"384,MASJID AL-AKBAR,"""",DESEMBER,WISNUS,0"
"385,MASJID CHENG HOO,"""",JANUARI,WISMAN,0"
"386,MASJID CHENG HOO,"""",JANUARI,WISNUS,155"
"387,MASJID CHENG HOO,"""",FEBRUARI,WISMAN,0"
"388,MASJID CHENG HOO,"""",FEBRUARI,WISNUS,125"
"389,MASJID CHENG HOO,"""",MARET,WISMAN,0"
"390,MASJID CHENG HOO,"""",MARET,WISNUS,148"
"391,MASJID CHENG HOO,"""",APRIL,WISMAN,15"
"392,MASJID CHENG HOO,"""",APRIL,WISNUS,147"
"393,MASJID CHENG HOO,"""",MEI,WISMAN,0"
"394,MASJID CHENG HOO,"""",MEI,WISNUS,235"
"395,MASJID CHENG HOO,"""",JUNI,WISMAN,0"
"396,MASJID CHENG HOO,"""",JUNI,WISNUS,360"
"397,MASJID CHENG HOO,"""",JULI,WISMAN,0"
"398,MASJID CHENG HOO,"""",JULI,WISNUS,145"
"399,MASJID CHENG HOO,"""",AGUSTUS,WISMAN,0"
"400,MASJID CHENG HOO,"""",AGUSTUS,WISNUS,127"
"401,MASJID CHENG HOO,"""",SEPTEMBER,WISMAN,0"
"402,MASJID CHENG HOO,"""",SEPTEMBER,WISNUS,189"
"403,MASJID CHENG HOO,"""",OKTOBER,WISMAN,0"
"404,MASJID CHENG HOO,"""",OKTOBER,WISNUS,158"
"405,MASJID CHENG HOO,"""",NOPEMBER,WISMAN,0"
"406,MASJID CHENG HOO,"""",NOPEMBER,WISNUS,183"
"407,MASJID CHENG HOO,"""",DESEMBER,WISMAN,0"
"408,MASJID CHENG HOO,"""",DESEMBER,WISNUS,493"
"409,MASJID AGUNG SUNAN AMPEL,"""",JANUARI,WISMAN,0"
"410,MASJID AGUNG SUNAN AMPEL,"""",JANUARI,WISNUS,60000"
"411,MASJID AGUNG SUNAN AMPEL,"""",FEBRUARI,WISMAN,0"
"412,MASJID AGUNG SUNAN AMPEL,"""",FEBRUARI,WISNUS,52000"
"413,MASJID AGUNG SUNAN AMPEL,"""",MARET,WISMAN,0"
"414,MASJID AGUNG SUNAN AMPEL,"""",MARET,WISNUS,98"
"415,MASJID AGUNG SUNAN AMPEL,"""",APRIL,WISMAN,0"
"416,MASJID AGUNG SUNAN AMPEL,"""",APRIL,WISNUS,100"
"417,MASJID AGUNG SUNAN AMPEL,"""",MEI,WISMAN,0"
"418,MASJID AGUNG SUNAN AMPEL,"""",MEI,WISNUS,68"
"419,MASJID AGUNG SUNAN AMPEL,"""",JUNI,WISMAN,0"
"420,MASJID AGUNG SUNAN AMPEL,"""",JUNI,WISNUS,33"
"421,MASJID AGUNG SUNAN AMPEL,"""",JULI,WISMAN,0"
"422,MASJID AGUNG SUNAN AMPEL,"""",JULI,WISNUS,0"
"423,MASJID AGUNG SUNAN AMPEL,"""",AGUSTUS,WISMAN,0"
"424,MASJID AGUNG SUNAN AMPEL,"""",AGUSTUS,WISNUS,0"
"425,MASJID AGUNG SUNAN AMPEL,"""",SEPTEMBER,WISMAN,0"
"426,MASJID AGUNG SUNAN AMPEL,"""",SEPTEMBER,WISNUS,0"
"427,MASJID AGUNG SUNAN AMPEL,"""",OKTOBER,WISMAN,0"
"428,MASJID AGUNG SUNAN AMPEL,"""",OKTOBER,WISNUS,0"
"429,MASJID AGUNG SUNAN AMPEL,"""",NOPEMBER,WISMAN,0"
"430,MASJID AGUNG SUNAN AMPEL,"""",NOPEMBER,WISNUS,0"
"431,MASJID AGUNG SUNAN AMPEL,"""",DESEMBER,WISMAN,0"
"432,MASJID AGUNG SUNAN AMPEL,"""",DESEMBER,WISNUS,0"
"433,DJOKO  DOLOG,"""",JANUARI,WISMAN,1"
"434,DJOKO  DOLOG,"""",JANUARI,WISNUS,49"
"435,DJOKO  DOLOG,"""",FEBRUARI,WISMAN,0"
"436,DJOKO  DOLOG,"""",FEBRUARI,WISNUS,67"
"437,DJOKO  DOLOG,"""",MARET,WISMAN,0"
"438,DJOKO  DOLOG,"""",MARET,WISNUS,52"
"439,DJOKO  DOLOG,"""",APRIL,WISMAN,0"
"440,DJOKO  DOLOG,"""",APRIL,WISNUS,61"
"441,DJOKO  DOLOG,"""",MEI,WISMAN,0"
"442,DJOKO  DOLOG,"""",MEI,WISNUS,71"
"443,DJOKO  DOLOG,"""",JUNI,WISMAN,0"
"444,DJOKO  DOLOG,"""",JUNI,WISNUS,50"
"445,DJOKO  DOLOG,"""",JULI,WISMAN,0"
"446,DJOKO  DOLOG,"""",JULI,WISNUS,14"
"447,DJOKO  DOLOG,"""",AGUSTUS,WISMAN,0"
"448,DJOKO  DOLOG,"""",AGUSTUS,WISNUS,21"
"449,DJOKO  DOLOG,"""",SEPTEMBER,WISMAN,7"
"450,DJOKO  DOLOG,"""",SEPTEMBER,WISNUS,41"
"451,DJOKO  DOLOG,"""",OKTOBER,WISMAN,2"
"452,DJOKO  DOLOG,"""",OKTOBER,WISNUS,39"
"453,DJOKO  DOLOG,"""",NOPEMBER,WISMAN,8"
"454,DJOKO  DOLOG,"""",NOPEMBER,WISNUS,45"
"455,DJOKO  DOLOG,"""",DESEMBER,WISMAN,2"
"456,DJOKO  DOLOG,"""",DESEMBER,WISNUS,56"
"457,MAKAM SUNAN BUNGKUL,"""",JANUARI,WISMAN,0"
"458,MAKAM SUNAN BUNGKUL,"""",JANUARI,WISNUS,70"
"459,MAKAM SUNAN BUNGKUL,"""",FEBRUARI,WISMAN,0"
"460,MAKAM SUNAN BUNGKUL,"""",FEBRUARI,WISNUS,70"
"461,MAKAM SUNAN BUNGKUL,"""",MARET,WISMAN,0"
"462,MAKAM SUNAN BUNGKUL,"""",MARET,WISNUS,64"
"463,MAKAM SUNAN BUNGKUL,"""",APRIL,WISMAN,0"
"464,MAKAM SUNAN BUNGKUL,"""",APRIL,WISNUS,235"
"465,MAKAM SUNAN BUNGKUL,"""",MEI,WISMAN,0"
"466,MAKAM SUNAN BUNGKUL,"""",MEI,WISNUS,210"
"467,MAKAM SUNAN BUNGKUL,"""",JUNI,WISMAN,0"
"468,MAKAM SUNAN BUNGKUL,"""",JUNI,WISNUS,89"
"469,MAKAM SUNAN BUNGKUL,"""",JULI,WISMAN,0"
"470,MAKAM SUNAN BUNGKUL,"""",JULI,WISNUS,50"
"471,MAKAM SUNAN BUNGKUL,"""",AGUSTUS,WISMAN,0"
"472,MAKAM SUNAN BUNGKUL,"""",AGUSTUS,WISNUS,85"
"473,MAKAM SUNAN BUNGKUL,"""",SEPTEMBER,WISMAN,0"
"474,MAKAM SUNAN BUNGKUL,"""",SEPTEMBER,WISNUS,210"
"475,MAKAM SUNAN BUNGKUL,"""",OKTOBER,WISMAN,0"
"476,MAKAM SUNAN BUNGKUL,"""",OKTOBER,WISNUS,220"
"477,MAKAM SUNAN BUNGKUL,"""",NOPEMBER,WISMAN,0"
"478,MAKAM SUNAN BUNGKUL,"""",NOPEMBER,WISNUS,221"
"479,MAKAM SUNAN BUNGKUL,"""",DESEMBER,WISMAN,0"
"480,MAKAM SUNAN BUNGKUL,"""",DESEMBER,WISNUS,223"
"481,MAKAM SAWUNGGALING,"""",JANUARI,WISMAN,0"
"482,MAKAM SAWUNGGALING,"""",JANUARI,WISNUS,249"
"483,MAKAM SAWUNGGALING,"""",FEBRUARI,WISMAN,0"
"484,MAKAM SAWUNGGALING,"""",FEBRUARI,WISNUS,314"
"485,MAKAM SAWUNGGALING,"""",MARET,WISMAN,0"
"486,MAKAM SAWUNGGALING,"""",MARET,WISNUS,215"
"487,MAKAM SAWUNGGALING,"""",APRIL,WISMAN,0"
"488,MAKAM SAWUNGGALING,"""",APRIL,WISNUS,366"
"489,MAKAM SAWUNGGALING,"""",MEI,WISMAN,0"
"490,MAKAM SAWUNGGALING,"""",MEI,WISNUS,318"
"491,MAKAM SAWUNGGALING,"""",JUNI,WISMAN,0"
"492,MAKAM SAWUNGGALING,"""",JUNI,WISNUS,215"
"493,MAKAM SAWUNGGALING,"""",JULI,WISMAN,0"
"494,MAKAM SAWUNGGALING,"""",JULI,WISNUS,260"
"495,MAKAM SAWUNGGALING,"""",AGUSTUS,WISMAN,0"
"496,MAKAM SAWUNGGALING,"""",AGUSTUS,WISNUS,344"
"497,MAKAM SAWUNGGALING,"""",SEPTEMBER,WISMAN,0"
"498,MAKAM SAWUNGGALING,"""",SEPTEMBER,WISNUS,422"
"499,MAKAM SAWUNGGALING,"""",OKTOBER,WISMAN,0"
"500,MAKAM SAWUNGGALING,"""",OKTOBER,WISNUS,422"
"501,MAKAM SAWUNGGALING,"""",NOPEMBER,WISMAN,0"
"502,MAKAM SAWUNGGALING,"""",NOPEMBER,WISNUS,470"
"503,MAKAM SAWUNGGALING,"""",DESEMBER,WISMAN,0"
"504,MAKAM SAWUNGGALING,"""",DESEMBER,WISNUS,330"
"505,KLENTENG HOK AN KIONG,"""",JANUARI,WISMAN,0"
"506,KLENTENG HOK AN KIONG,"""",JANUARI,WISNUS,90"
"507,KLENTENG HOK AN KIONG,"""",FEBRUARI,WISMAN,0"
"508,KLENTENG HOK AN KIONG,"""",FEBRUARI,WISNUS,40"
"509,KLENTENG HOK AN KIONG,"""",MARET,WISMAN,0"
"510,KLENTENG HOK AN KIONG,"""",MARET,WISNUS,28"
"511,KLENTENG HOK AN KIONG,"""",APRIL,WISMAN,0"
"512,KLENTENG HOK AN KIONG,"""",APRIL,WISNUS,30"
"513,KLENTENG HOK AN KIONG,"""",MEI,WISMAN,0"
"514,KLENTENG HOK AN KIONG,"""",MEI,WISNUS,13"
"515,KLENTENG HOK AN KIONG,"""",JUNI,WISMAN,0"
"516,KLENTENG HOK AN KIONG,"""",JUNI,WISNUS,10"
"517,KLENTENG HOK AN KIONG,"""",JULI,WISMAN,0"
"518,KLENTENG HOK AN KIONG,"""",JULI,WISNUS,4"
"519,KLENTENG HOK AN KIONG,"""",AGUSTUS,WISMAN,0"
"520,KLENTENG HOK AN KIONG,"""",AGUSTUS,WISNUS,0"
"521,KLENTENG HOK AN KIONG,"""",SEPTEMBER,WISMAN,0"
"522,KLENTENG HOK AN KIONG,"""",SEPTEMBER,WISNUS,0"
"523,KLENTENG HOK AN KIONG,"""",OKTOBER,WISMAN,0"
"524,KLENTENG HOK AN KIONG,"""",OKTOBER,WISNUS,3"
"525,KLENTENG HOK AN KIONG,"""",NOPEMBER,WISMAN,0"
"526,KLENTENG HOK AN KIONG,"""",NOPEMBER,WISNUS,2"
"527,KLENTENG HOK AN KIONG,"""",DESEMBER,WISMAN,0"
"528,KLENTENG HOK AN KIONG,"""",DESEMBER,WISNUS,2"
"529,KLENTENG BOEN BIO,"""",JANUARI,WISMAN,0"
"530,KLENTENG BOEN BIO,"""",JANUARI,WISNUS,6"
"531,KLENTENG BOEN BIO,"""",FEBRUARI,WISMAN,0"
"532,KLENTENG BOEN BIO,"""",FEBRUARI,WISNUS,6"
"533,KLENTENG BOEN BIO,"""",MARET,WISMAN,0"
"534,KLENTENG BOEN BIO,"""",MARET,WISNUS,1"
"535,KLENTENG BOEN BIO,"""",APRIL,WISMAN,0"
"536,KLENTENG BOEN BIO,"""",APRIL,WISNUS,9"
"537,KLENTENG BOEN BIO,"""",MEI,WISMAN,0"
"538,KLENTENG BOEN BIO,"""",MEI,WISNUS,12"
"539,KLENTENG BOEN BIO,"""",JUNI,WISMAN,0"
"540,KLENTENG BOEN BIO,"""",JUNI,WISNUS,16"
"541,KLENTENG BOEN BIO,"""",JULI,WISMAN,0"
"542,KLENTENG BOEN BIO,"""",JULI,WISNUS,2"
"543,KLENTENG BOEN BIO,"""",AGUSTUS,WISMAN,0"
"544,KLENTENG BOEN BIO,"""",AGUSTUS,WISNUS,0"
"545,KLENTENG BOEN BIO,"""",SEPTEMBER,WISMAN,0"
"546,KLENTENG BOEN BIO,"""",SEPTEMBER,WISNUS,0"
"547,KLENTENG BOEN BIO,"""",OKTOBER,WISMAN,0"
"548,KLENTENG BOEN BIO,"""",OKTOBER,WISNUS,6"
"549,KLENTENG BOEN BIO,"""",NOPEMBER,WISMAN,0"
"550,KLENTENG BOEN BIO,"""",NOPEMBER,WISNUS,8"
"551,KLENTENG BOEN BIO,"""",DESEMBER,WISMAN,0"
"552,KLENTENG BOEN BIO,"""",DESEMBER,WISNUS,4"
"553,TAMAN PRESTASI,"""",JANUARI,WISMAN,0"
"554,TAMAN PRESTASI,"""",JANUARI,WISNUS,0"
"555,TAMAN PRESTASI,"""",FEBRUARI,WISMAN,0"
"556,TAMAN PRESTASI,"""",FEBRUARI,WISNUS,0"
"557,TAMAN PRESTASI,"""",MARET,WISMAN,0"
"558,TAMAN PRESTASI,"""",MARET,WISNUS,0"
"559,TAMAN PRESTASI,"""",APRIL,WISMAN,0"
"560,TAMAN PRESTASI,"""",APRIL,WISNUS,115"
"561,TAMAN PRESTASI,"""",MEI,WISMAN,0"
"562,TAMAN PRESTASI,"""",MEI,WISNUS,1824"
"563,TAMAN PRESTASI,"""",JUNI,WISMAN,0"
"564,TAMAN PRESTASI,"""",JUNI,WISNUS,1536"
"565,TAMAN PRESTASI,"""",JULI,WISMAN,0"
"566,TAMAN PRESTASI,"""",JULI,WISNUS,0"
"567,TAMAN PRESTASI,"""",AGUSTUS,WISMAN,0"
"568,TAMAN PRESTASI,"""",AGUSTUS,WISNUS,0"
"569,TAMAN PRESTASI,"""",SEPTEMBER,WISMAN,0"
"570,TAMAN PRESTASI,"""",SEPTEMBER,WISNUS,0"
"571,TAMAN PRESTASI,"""",OKTOBER,WISMAN,0"
"572,TAMAN PRESTASI,"""",OKTOBER,WISNUS,3971"
"573,TAMAN PRESTASI,"""",NOPEMBER,WISMAN,0"
"574,TAMAN PRESTASI,"""",NOPEMBER,WISNUS,1524"
"575,TAMAN PRESTASI,"""",DESEMBER,WISMAN,0"
"576,TAMAN PRESTASI,"""",DESEMBER,WISNUS,2962"
"577,KEBUN BINATANG SURABAYA,"""",JANUARI,WISMAN,0"
"578,KEBUN BINATANG SURABAYA,"""",JANUARI,WISNUS,34435"
"579,KEBUN BINATANG SURABAYA,"""",FEBRUARI,WISMAN,0"
"580,KEBUN BINATANG SURABAYA,"""",FEBRUARI,WISNUS,32264"
"581,KEBUN BINATANG SURABAYA,"""",MARET,WISMAN,4"
"582,KEBUN BINATANG SURABAYA,"""",MARET,WISNUS,70597"
"583,KEBUN BINATANG SURABAYA,"""",APRIL,WISMAN,0"
"584,KEBUN BINATANG SURABAYA,"""",APRIL,WISNUS,91758"
"585,KEBUN BINATANG SURABAYA,"""",MEI,WISMAN,0"
"586,KEBUN BINATANG SURABAYA,"""",MEI,WISNUS,74380"
"587,KEBUN BINATANG SURABAYA,"""",JUNI,WISMAN,0"
"588,KEBUN BINATANG SURABAYA,"""",JUNI,WISNUS,68344"
"589,KEBUN BINATANG SURABAYA,"""",JULI,WISMAN,0"
"590,KEBUN BINATANG SURABAYA,"""",JULI,WISNUS,1127"
"591,KEBUN BINATANG SURABAYA,"""",AGUSTUS,WISMAN,0"
"592,KEBUN BINATANG SURABAYA,"""",AGUSTUS,WISNUS,0"
"593,KEBUN BINATANG SURABAYA,"""",SEPTEMBER,WISMAN,0"
"594,KEBUN BINATANG SURABAYA,"""",SEPTEMBER,WISNUS,0"
"595,KEBUN BINATANG SURABAYA,"""",OKTOBER,WISMAN,0"
"596,KEBUN BINATANG SURABAYA,"""",OKTOBER,WISNUS,59906"
"597,KEBUN BINATANG SURABAYA,"""",NOPEMBER,WISMAN,0"
"598,KEBUN BINATANG SURABAYA,"""",NOPEMBER,WISNUS,76018"
"599,KEBUN BINATANG SURABAYA,"""",DESEMBER,WISMAN,0"
"600,KEBUN BINATANG SURABAYA,"""",DESEMBER,WISNUS,111028"
"601,MONKASEL,"""",JANUARI,WISMAN,0"
"602,MONKASEL,"""",JANUARI,WISNUS,1482"
"603,MONKASEL,"""",FEBRUARI,WISMAN,0"
"604,MONKASEL,"""",FEBRUARI,WISNUS,1084"
"605,MONKASEL,"""",MARET,WISMAN,0"
"606,MONKASEL,"""",MARET,WISNUS,2176"
"607,MONKASEL,"""",APRIL,WISMAN,0"
"608,MONKASEL,"""",APRIL,WISNUS,2502"
"609,MONKASEL,"""",MEI,WISMAN,0"
"610,MONKASEL,"""",MEI,WISNUS,2441"
"611,MONKASEL,"""",JUNI,WISMAN,0"
"612,MONKASEL,"""",JUNI,WISNUS,0"
"613,MONKASEL,"""",JULI,WISMAN,0"
"614,MONKASEL,"""",JULI,WISNUS,0"
"615,MONKASEL,"""",AGUSTUS,WISMAN,0"
"616,MONKASEL,"""",AGUSTUS,WISNUS,0"
"617,MONKASEL,"""",SEPTEMBER,WISMAN,0"
"618,MONKASEL,"""",SEPTEMBER,WISNUS,0"
"619,MONKASEL,"""",OKTOBER,WISMAN,0"
"620,MONKASEL,"""",OKTOBER,WISNUS,60138"
"621,MONKASEL,"""",NOPEMBER,WISMAN,0"
"622,MONKASEL,"""",NOPEMBER,WISNUS,2542"
"623,MONKASEL,"""",DESEMBER,WISMAN,0"
"624,MONKASEL,"""",DESEMBER,WISNUS,278"
"625,TAMAN BUDAYA JATIM,"""",JANUARI,WISMAN,0"
"626,TAMAN BUDAYA JATIM,"""",JANUARI,WISNUS,0"
"627,TAMAN BUDAYA JATIM,"""",FEBRUARI,WISMAN,0"
"628,TAMAN BUDAYA JATIM,"""",FEBRUARI,WISNUS,0"
"629,TAMAN BUDAYA JATIM,"""",MARET,WISMAN,0"
"630,TAMAN BUDAYA JATIM,"""",MARET,WISNUS,0"
"631,TAMAN BUDAYA JATIM,"""",APRIL,WISMAN,0"
"632,TAMAN BUDAYA JATIM,"""",APRIL,WISNUS,0"
"633,TAMAN BUDAYA JATIM,"""",MEI,WISMAN,0"
"634,TAMAN BUDAYA JATIM,"""",MEI,WISNUS,0"
"635,TAMAN BUDAYA JATIM,"""",JUNI,WISMAN,0"
"636,TAMAN BUDAYA JATIM,"""",JUNI,WISNUS,0"
"637,TAMAN BUDAYA JATIM,"""",JULI,WISMAN,0"
"638,TAMAN BUDAYA JATIM,"""",JULI,WISNUS,0"
"639,TAMAN BUDAYA JATIM,"""",AGUSTUS,WISMAN,0"
"640,TAMAN BUDAYA JATIM,"""",AGUSTUS,WISNUS,0"
"641,TAMAN BUDAYA JATIM,"""",SEPTEMBER,WISMAN,0"
"642,TAMAN BUDAYA JATIM,"""",SEPTEMBER,WISNUS,0"
"643,TAMAN BUDAYA JATIM,"""",OKTOBER,WISMAN,0"
"644,TAMAN BUDAYA JATIM,"""",OKTOBER,WISNUS,830"
"645,TAMAN BUDAYA JATIM,"""",NOPEMBER,WISMAN,0"
"646,TAMAN BUDAYA JATIM,"""",NOPEMBER,WISNUS,1223"
"647,TAMAN BUDAYA JATIM,"""",DESEMBER,WISMAN,0"
"648,TAMAN BUDAYA JATIM,"""",DESEMBER,WISNUS,2124"
"649,CIPUTRA WATER PARK,"""",JANUARI,WISMAN,0"
"650,CIPUTRA WATER PARK,"""",JANUARI,WISNUS,0"
"651,CIPUTRA WATER PARK,"""",FEBRUARI,WISMAN,0"
"652,CIPUTRA WATER PARK,"""",FEBRUARI,WISNUS,0"
"653,CIPUTRA WATER PARK,"""",MARET,WISMAN,0"
"654,CIPUTRA WATER PARK,"""",MARET,WISNUS,0"
"655,CIPUTRA WATER PARK,"""",APRIL,WISMAN,0"
"656,CIPUTRA WATER PARK,"""",APRIL,WISNUS,0"
"657,CIPUTRA WATER PARK,"""",MEI,WISMAN,0"
"658,CIPUTRA WATER PARK,"""",MEI,WISNUS,0"
"659,CIPUTRA WATER PARK,"""",JUNI,WISMAN,0"
"660,CIPUTRA WATER PARK,"""",JUNI,WISNUS,0"
"661,CIPUTRA WATER PARK,"""",JULI,WISMAN,0"
"662,CIPUTRA WATER PARK,"""",JULI,WISNUS,0"
"663,CIPUTRA WATER PARK,"""",AGUSTUS,WISMAN,0"
"664,CIPUTRA WATER PARK,"""",AGUSTUS,WISNUS,0"
"665,CIPUTRA WATER PARK,"""",SEPTEMBER,WISMAN,0"
"666,CIPUTRA WATER PARK,"""",SEPTEMBER,WISNUS,0"
"667,CIPUTRA WATER PARK,"""",OKTOBER,WISMAN,0"
"668,CIPUTRA WATER PARK,"""",OKTOBER,WISNUS,0"
"669,CIPUTRA WATER PARK,"""",NOPEMBER,WISMAN,0"
"670,CIPUTRA WATER PARK,"""",NOPEMBER,WISNUS,0"
"671,CIPUTRA WATER PARK,"""",DESEMBER,WISMAN,0"
"672,CIPUTRA WATER PARK,"""",DESEMBER,WISNUS,0"
"673,BALAI KOTA  ( SSCT ),"""",JANUARI,WISMAN,0"
"674,BALAI KOTA  ( SSCT ),"""",JANUARI,WISNUS,0"
"675,BALAI KOTA  ( SSCT ),"""",FEBRUARI,WISMAN,0"
"676,BALAI KOTA  ( SSCT ),"""",FEBRUARI,WISNUS,0"
"677,BALAI KOTA  ( SSCT ),"""",MARET,WISMAN,0"
"678,BALAI KOTA  ( SSCT ),"""",MARET,WISNUS,0"
"679,BALAI KOTA  ( SSCT ),"""",APRIL,WISMAN,0"
"680,BALAI KOTA  ( SSCT ),"""",APRIL,WISNUS,0"
"681,BALAI KOTA  ( SSCT ),"""",MEI,WISMAN,0"
"682,BALAI KOTA  ( SSCT ),"""",MEI,WISNUS,0"
"683,BALAI KOTA  ( SSCT ),"""",JUNI,WISMAN,0"
"684,BALAI KOTA  ( SSCT ),"""",JUNI,WISNUS,0"
"685,BALAI KOTA  ( SSCT ),"""",JULI,WISMAN,0"
"686,BALAI KOTA  ( SSCT ),"""",JULI,WISNUS,0"
"687,BALAI KOTA  ( SSCT ),"""",AGUSTUS,WISMAN,0"
"688,BALAI KOTA  ( SSCT ),"""",AGUSTUS,WISNUS,0"
"689,BALAI KOTA  ( SSCT ),"""",SEPTEMBER,WISMAN,0"
"690,BALAI KOTA  ( SSCT ),"""",SEPTEMBER,WISNUS,0"
"691,BALAI KOTA  ( SSCT ),"""",OKTOBER,WISMAN,0"
"692,BALAI KOTA  ( SSCT ),"""",OKTOBER,WISNUS,0"
"693,BALAI KOTA  ( SSCT ),"""",NOPEMBER,WISMAN,0"
"694,BALAI KOTA  ( SSCT ),"""",NOPEMBER,WISNUS,0"
"695,BALAI KOTA  ( SSCT ),"""",DESEMBER,WISMAN,0"
"696,BALAI KOTA  ( SSCT ),"""",DESEMBER,WISNUS,0"
"697,PERPUSTAKAAN BI,"""",JANUARI,WISMAN,0"
"698,PERPUSTAKAAN BI,"""",JANUARI,WISNUS,0"
"699,PERPUSTAKAAN BI,"""",FEBRUARI,WISMAN,0"
"700,PERPUSTAKAAN BI,"""",FEBRUARI,WISNUS,0"
"701,PERPUSTAKAAN BI,"""",MARET,WISMAN,0"
"702,PERPUSTAKAAN BI,"""",MARET,WISNUS,0"
"703,PERPUSTAKAAN BI,"""",APRIL,WISMAN,0"
"704,PERPUSTAKAAN BI,"""",APRIL,WISNUS,0"
"705,PERPUSTAKAAN BI,"""",MEI,WISMAN,0"
"706,PERPUSTAKAAN BI,"""",MEI,WISNUS,0"
"707,PERPUSTAKAAN BI,"""",JUNI,WISMAN,0"
"708,PERPUSTAKAAN BI,"""",JUNI,WISNUS,0"
"709,PERPUSTAKAAN BI,"""",JULI,WISMAN,0"
"710,PERPUSTAKAAN BI,"""",JULI,WISNUS,0"
"711,PERPUSTAKAAN BI,"""",AGUSTUS,WISMAN,0"
"712,PERPUSTAKAAN BI,"""",AGUSTUS,WISNUS,0"
"713,PERPUSTAKAAN BI,"""",SEPTEMBER,WISMAN,0"
"714,PERPUSTAKAAN BI,"""",SEPTEMBER,WISNUS,0"
"715,PERPUSTAKAAN BI,"""",OKTOBER,WISMAN,0"
"716,PERPUSTAKAAN BI,"""",OKTOBER,WISNUS,0"
"717,PERPUSTAKAAN BI,"""",NOPEMBER,WISMAN,0"
"718,PERPUSTAKAAN BI,"""",NOPEMBER,WISNUS,0"
"719,PERPUSTAKAAN BI,"""",DESEMBER,WISMAN,0"
"720,PERPUSTAKAAN BI,"""",DESEMBER,WISNUS,0"
"721,KAMPUNG LAWAS MASPATI,"""",JANUARI,WISMAN,0"
"722,KAMPUNG LAWAS MASPATI,"""",JANUARI,WISNUS,0"
"723,KAMPUNG LAWAS MASPATI,"""",FEBRUARI,WISMAN,0"
"724,KAMPUNG LAWAS MASPATI,"""",FEBRUARI,WISNUS,0"
"725,KAMPUNG LAWAS MASPATI,"""",MARET,WISMAN,0"
"726,KAMPUNG LAWAS MASPATI,"""",MARET,WISNUS,30"
"727,KAMPUNG LAWAS MASPATI,"""",APRIL,WISMAN,0"
"728,KAMPUNG LAWAS MASPATI,"""",APRIL,WISNUS,50"
"729,KAMPUNG LAWAS MASPATI,"""",MEI,WISMAN,0"
"730,KAMPUNG LAWAS MASPATI,"""",MEI,WISNUS,0"
"731,KAMPUNG LAWAS MASPATI,"""",JUNI,WISMAN,0"
"732,KAMPUNG LAWAS MASPATI,"""",JUNI,WISNUS,0"
"733,KAMPUNG LAWAS MASPATI,"""",JULI,WISMAN,0"
"734,KAMPUNG LAWAS MASPATI,"""",JULI,WISNUS,0"
"735,KAMPUNG LAWAS MASPATI,"""",AGUSTUS,WISMAN,0"
"736,KAMPUNG LAWAS MASPATI,"""",AGUSTUS,WISNUS,0"
"737,KAMPUNG LAWAS MASPATI,"""",SEPTEMBER,WISMAN,0"
"738,KAMPUNG LAWAS MASPATI,"""",SEPTEMBER,WISNUS,0"
"739,KAMPUNG LAWAS MASPATI,"""",OKTOBER,WISMAN,0"
"740,KAMPUNG LAWAS MASPATI,"""",OKTOBER,WISNUS,25"
"741,KAMPUNG LAWAS MASPATI,"""",NOPEMBER,WISMAN,0"
"742,KAMPUNG LAWAS MASPATI,"""",NOPEMBER,WISNUS,31"
"743,KAMPUNG LAWAS MASPATI,"""",DESEMBER,WISMAN,0"
"744,KAMPUNG LAWAS MASPATI,"""",DESEMBER,WISNUS,0"
"745,G. WALK,"""",JANUARI,WISMAN,0"
"746,G. WALK,"""",JANUARI,WISNUS,60000"
"747,G. WALK,"""",FEBRUARI,WISMAN,0"
"748,G. WALK,"""",FEBRUARI,WISNUS,140000"
"749,G. WALK,"""",MARET,WISMAN,0"
"750,G. WALK,"""",MARET,WISNUS,142944"
"751,G. WALK,"""",APRIL,WISMAN,0"
"752,G. WALK,"""",APRIL,WISNUS,141866"
"753,G. WALK,"""",MEI,WISMAN,0"
"754,G. WALK,"""",MEI,WISNUS,40575"
"755,G. WALK,"""",JUNI,WISMAN,0"
"756,G. WALK,"""",JUNI,WISNUS,142944"
"757,G. WALK,"""",JULI,WISMAN,0"
"758,G. WALK,"""",JULI,WISNUS,142944"
"759,G. WALK,"""",AGUSTUS,WISMAN,0"
"760,G. WALK,"""",AGUSTUS,WISNUS,145945"
"761,G. WALK,"""",SEPTEMBER,WISMAN,0"
"762,G. WALK,"""",SEPTEMBER,WISNUS,145941"
"763,G. WALK,"""",OKTOBER,WISMAN,0"
"764,G. WALK,"""",OKTOBER,WISNUS,146874"
"765,G. WALK,"""",NOPEMBER,WISMAN,0"
"766,G. WALK,"""",NOPEMBER,WISNUS,143213"
"767,G. WALK,"""",DESEMBER,WISMAN,0"
"768,G. WALK,"""",DESEMBER,WISNUS,144121"
"769,PASAR BUNGA KAYOON,"""",JANUARI,WISMAN,0"
"770,PASAR BUNGA KAYOON,"""",JANUARI,WISNUS,290"
"771,PASAR BUNGA KAYOON,"""",FEBRUARI,WISMAN,0"
"772,PASAR BUNGA KAYOON,"""",FEBRUARI,WISNUS,410"
"773,PASAR BUNGA KAYOON,"""",MARET,WISMAN,0"
"774,PASAR BUNGA KAYOON,"""",MARET,WISNUS,435"
"775,PASAR BUNGA KAYOON,"""",APRIL,WISMAN,0"
"776,PASAR BUNGA KAYOON,"""",APRIL,WISNUS,298"
"777,PASAR BUNGA KAYOON,"""",MEI,WISMAN,0"
"778,PASAR BUNGA KAYOON,"""",MEI,WISNUS,195"
"779,PASAR BUNGA KAYOON,"""",JUNI,WISMAN,0"
"780,PASAR BUNGA KAYOON,"""",JUNI,WISNUS,180"
"781,PASAR BUNGA KAYOON,"""",JULI,WISMAN,0"
"782,PASAR BUNGA KAYOON,"""",JULI,WISNUS,265"
"783,PASAR BUNGA KAYOON,"""",AGUSTUS,WISMAN,0"
"784,PASAR BUNGA KAYOON,"""",AGUSTUS,WISNUS,189"
"785,PASAR BUNGA KAYOON,"""",SEPTEMBER,WISMAN,0"
"786,PASAR BUNGA KAYOON,"""",SEPTEMBER,WISNUS,390"
"787,PASAR BUNGA KAYOON,"""",OKTOBER,WISMAN,0"
"788,PASAR BUNGA KAYOON,"""",OKTOBER,WISNUS,360"
"789,PASAR BUNGA KAYOON,"""",NOPEMBER,WISMAN,0"
"790,PASAR BUNGA KAYOON,"""",NOPEMBER,WISNUS,390"
"791,PASAR BUNGA KAYOON,"""",DESEMBER,WISMAN,0"
"792,PASAR BUNGA KAYOON,"""",DESEMBER,WISNUS,315"
"793,FRESH MARKET,"""",JANUARI,WISMAN,0"
"794,FRESH MARKET,"""",JANUARI,WISNUS,30000"
"795,FRESH MARKET,"""",FEBRUARI,WISMAN,0"
"796,FRESH MARKET,"""",FEBRUARI,WISNUS,21500"
"797,FRESH MARKET,"""",MARET,WISMAN,0"
"798,FRESH MARKET,"""",MARET,WISNUS,21966"
"799,FRESH MARKET,"""",APRIL,WISMAN,0"
"800,FRESH MARKET,"""",APRIL,WISNUS,20875"
"801,FRESH MARKET,"""",MEI,WISMAN,0"
"802,FRESH MARKET,"""",MEI,WISNUS,14471"
"803,FRESH MARKET,"""",JUNI,WISMAN,0"
"804,FRESH MARKET,"""",JUNI,WISNUS,21966"
"805,FRESH MARKET,"""",JULI,WISMAN,0"
"806,FRESH MARKET,"""",JULI,WISNUS,21967"
"807,FRESH MARKET,"""",AGUSTUS,WISMAN,0"
"808,FRESH MARKET,"""",AGUSTUS,WISNUS,21800"
"809,FRESH MARKET,"""",SEPTEMBER,WISMAN,0"
"810,FRESH MARKET,"""",SEPTEMBER,WISNUS,21850"
"811,FRESH MARKET,"""",OKTOBER,WISMAN,0"
"812,FRESH MARKET,"""",OKTOBER,WISNUS,21900"
"813,FRESH MARKET,"""",NOPEMBER,WISMAN,0"
"814,FRESH MARKET,"""",NOPEMBER,WISNUS,21654"
"815,FRESH MARKET,"""",DESEMBER,WISMAN,0"
"816,FRESH MARKET,"""",DESEMBER,WISNUS,22154"
"817,MIROTA BATIK,"""",JANUARI,WISMAN,5"
"818,MIROTA BATIK,"""",JANUARI,WISNUS,175"
"819,MIROTA BATIK,"""",FEBRUARI,WISMAN,7"
"820,MIROTA BATIK,"""",FEBRUARI,WISNUS,135"
"821,MIROTA BATIK,"""",MARET,WISMAN,9"
"822,MIROTA BATIK,"""",MARET,WISNUS,322"
"823,MIROTA BATIK,"""",APRIL,WISMAN,0"
"824,MIROTA BATIK,"""",APRIL,WISNUS,409"
"825,MIROTA BATIK,"""",MEI,WISMAN,0"
"826,MIROTA BATIK,"""",MEI,WISNUS,596"
"827,MIROTA BATIK,"""",JUNI,WISMAN,0"
"828,MIROTA BATIK,"""",JUNI,WISNUS,136"
"829,MIROTA BATIK,"""",JULI,WISMAN,0"
"830,MIROTA BATIK,"""",JULI,WISNUS,0"
"831,MIROTA BATIK,"""",AGUSTUS,WISMAN,4"
"832,MIROTA BATIK,"""",AGUSTUS,WISNUS,78"
"833,MIROTA BATIK,"""",SEPTEMBER,WISMAN,6"
"834,MIROTA BATIK,"""",SEPTEMBER,WISNUS,525"
"835,MIROTA BATIK,"""",OKTOBER,WISMAN,52"
"836,MIROTA BATIK,"""",OKTOBER,WISNUS,500"
"837,MIROTA BATIK,"""",NOPEMBER,WISMAN,15"
"838,MIROTA BATIK,"""",NOPEMBER,WISNUS,293"
"839,MIROTA BATIK,"""",DESEMBER,WISMAN,8"
"840,MIROTA BATIK,"""",DESEMBER,WISNUS,275"
"841,MANGROVE WONOREJO,"""",JANUARI,WISMAN,0"
"842,MANGROVE WONOREJO,"""",JANUARI,WISNUS,0"
"843,MANGROVE WONOREJO,"""",FEBRUARI,WISMAN,0"
"844,MANGROVE WONOREJO,"""",FEBRUARI,WISNUS,0"
"845,MANGROVE WONOREJO,"""",MARET,WISMAN,0"
"846,MANGROVE WONOREJO,"""",MARET,WISNUS,0"
"847,MANGROVE WONOREJO,"""",APRIL,WISMAN,0"
"848,MANGROVE WONOREJO,"""",APRIL,WISNUS,0"
"849,MANGROVE WONOREJO,"""",MEI,WISMAN,0"
"850,MANGROVE WONOREJO,"""",MEI,WISNUS,1051"
"851,MANGROVE WONOREJO,"""",JUNI,WISMAN,0"
"852,MANGROVE WONOREJO,"""",JUNI,WISNUS,97"
"853,MANGROVE WONOREJO,"""",JULI,WISMAN,0"
"854,MANGROVE WONOREJO,"""",JULI,WISNUS,0"
"855,MANGROVE WONOREJO,"""",AGUSTUS,WISMAN,0"
"856,MANGROVE WONOREJO,"""",AGUSTUS,WISNUS,0"
"857,MANGROVE WONOREJO,"""",SEPTEMBER,WISMAN,0"
"858,MANGROVE WONOREJO,"""",SEPTEMBER,WISNUS,0"
"859,MANGROVE WONOREJO,"""",OKTOBER,WISMAN,0"
"860,MANGROVE WONOREJO,"""",OKTOBER,WISNUS,7846"
"861,MANGROVE WONOREJO,"""",NOPEMBER,WISMAN,0"
"862,MANGROVE WONOREJO,"""",NOPEMBER,WISNUS,5241"
"863,MANGROVE WONOREJO,"""",DESEMBER,WISMAN,0"
"864,MANGROVE WONOREJO,"""",DESEMBER,WISNUS,634"
"865,MANGROVE GNG ANYAR,"""",JANUARI,WISMAN,0"
"866,MANGROVE GNG ANYAR,"""",JANUARI,WISNUS,0"
"867,MANGROVE GNG ANYAR,"""",FEBRUARI,WISMAN,0"
"868,MANGROVE GNG ANYAR,"""",FEBRUARI,WISNUS,0"
"869,MANGROVE GNG ANYAR,"""",MARET,WISMAN,0"
"870,MANGROVE GNG ANYAR,"""",MARET,WISNUS,0"
"871,MANGROVE GNG ANYAR,"""",APRIL,WISMAN,0"
"872,MANGROVE GNG ANYAR,"""",APRIL,WISNUS,0"
"873,MANGROVE GNG ANYAR,"""",MEI,WISMAN,0"
"874,MANGROVE GNG ANYAR,"""",MEI,WISNUS,2228"
"875,MANGROVE GNG ANYAR,"""",JUNI,WISMAN,0"
"876,MANGROVE GNG ANYAR,"""",JUNI,WISNUS,2012"
"877,MANGROVE GNG ANYAR,"""",JULI,WISMAN,0"
"878,MANGROVE GNG ANYAR,"""",JULI,WISNUS,0"
"879,MANGROVE GNG ANYAR,"""",AGUSTUS,WISMAN,0"
"880,MANGROVE GNG ANYAR,"""",AGUSTUS,WISNUS,0"
"881,MANGROVE GNG ANYAR,"""",SEPTEMBER,WISMAN,0"
"882,MANGROVE GNG ANYAR,"""",SEPTEMBER,WISNUS,0"
"883,MANGROVE GNG ANYAR,"""",OKTOBER,WISMAN,0"
"884,MANGROVE GNG ANYAR,"""",OKTOBER,WISNUS,756"
"885,MANGROVE GNG ANYAR,"""",NOPEMBER,WISMAN,0"
"886,MANGROVE GNG ANYAR,"""",NOPEMBER,WISNUS,251"
"887,MANGROVE GNG ANYAR,"""",DESEMBER,WISMAN,0"
"888,MANGROVE GNG ANYAR,"""",DESEMBER,WISNUS,4027"
"889,CIPUTRA GOLF,"""",JANUARI,WISMAN,313"
"890,CIPUTRA GOLF,"""",JANUARI,WISNUS,1252"
"891,CIPUTRA GOLF,"""",FEBRUARI,WISMAN,337"
"892,CIPUTRA GOLF,"""",FEBRUARI,WISNUS,1347"
"893,CIPUTRA GOLF,"""",MARET,WISMAN,363"
"894,CIPUTRA GOLF,"""",MARET,WISNUS,1450"
"895,CIPUTRA GOLF,"""",APRIL,WISMAN,323"
"896,CIPUTRA GOLF,"""",APRIL,WISNUS,1292"
"897,CIPUTRA GOLF,"""",MEI,WISMAN,853"
"898,CIPUTRA GOLF,"""",MEI,WISNUS,3410"
"899,CIPUTRA GOLF,"""",JUNI,WISMAN,398"
"900,CIPUTRA GOLF,"""",JUNI,WISNUS,1992"
"901,CIPUTRA GOLF,"""",JULI,WISMAN,34"
"902,CIPUTRA GOLF,"""",JULI,WISNUS,134"
"903,CIPUTRA GOLF,"""",AGUSTUS,WISMAN,181"
"904,CIPUTRA GOLF,"""",AGUSTUS,WISNUS,726"
"905,CIPUTRA GOLF,"""",SEPTEMBER,WISMAN,422"
"906,CIPUTRA GOLF,"""",SEPTEMBER,WISNUS,1568"
"907,CIPUTRA GOLF,"""",OKTOBER,WISMAN,429"
"908,CIPUTRA GOLF,"""",OKTOBER,WISNUS,1717"
"909,CIPUTRA GOLF,"""",NOPEMBER,WISMAN,391"
"910,CIPUTRA GOLF,"""",NOPEMBER,WISNUS,1565"
"911,CIPUTRA GOLF,"""",DESEMBER,WISMAN,439"
"912,CIPUTRA GOLF,"""",DESEMBER,WISNUS,1759"
"913,JALAN TUNJUNGAN ( MMT ),"""",JANUARI,WISMAN,0"
"914,JALAN TUNJUNGAN ( MMT ),"""",JANUARI,WISNUS,0"
"915,JALAN TUNJUNGAN ( MMT ),"""",FEBRUARI,WISMAN,0"
"916,JALAN TUNJUNGAN ( MMT ),"""",FEBRUARI,WISNUS,0"
"917,JALAN TUNJUNGAN ( MMT ),"""",MARET,WISMAN,0"
"918,JALAN TUNJUNGAN ( MMT ),"""",MARET,WISNUS,0"
"919,JALAN TUNJUNGAN ( MMT ),"""",APRIL,WISMAN,0"
"920,JALAN TUNJUNGAN ( MMT ),"""",APRIL,WISNUS,0"
"921,JALAN TUNJUNGAN ( MMT ),"""",MEI,WISMAN,0"
"922,JALAN TUNJUNGAN ( MMT ),"""",MEI,WISNUS,0"
"923,JALAN TUNJUNGAN ( MMT ),"""",JUNI,WISMAN,0"
"924,JALAN TUNJUNGAN ( MMT ),"""",JUNI,WISNUS,0"
"925,JALAN TUNJUNGAN ( MMT ),"""",JULI,WISMAN,0"
"926,JALAN TUNJUNGAN ( MMT ),"""",JULI,WISNUS,0"
"927,JALAN TUNJUNGAN ( MMT ),"""",AGUSTUS,WISMAN,0"
"928,JALAN TUNJUNGAN ( MMT ),"""",AGUSTUS,WISNUS,0"
"929,JALAN TUNJUNGAN ( MMT ),"""",SEPTEMBER,WISMAN,0"
"930,JALAN TUNJUNGAN ( MMT ),"""",SEPTEMBER,WISNUS,0"
"931,JALAN TUNJUNGAN ( MMT ),"""",OKTOBER,WISMAN,0"
"932,JALAN TUNJUNGAN ( MMT ),"""",OKTOBER,WISNUS,0"
"933,JALAN TUNJUNGAN ( MMT ),"""",NOPEMBER,WISMAN,0"
"934,JALAN TUNJUNGAN ( MMT ),"""",NOPEMBER,WISNUS,0"
"935,JALAN TUNJUNGAN ( MMT ),"""",DESEMBER,WISMAN,0"
"936,JALAN TUNJUNGAN ( MMT ),"""",DESEMBER,WISNUS,0"
"937,SURABAYA NORTH QUAY,"""",JANUARI,WISMAN,0"
"938,SURABAYA NORTH QUAY,"""",JANUARI,WISNUS,6487"
"939,SURABAYA NORTH QUAY,"""",FEBRUARI,WISMAN,0"
"940,SURABAYA NORTH QUAY,"""",FEBRUARI,WISNUS,5448"
"941,SURABAYA NORTH QUAY,"""",MARET,WISMAN,0"
"942,SURABAYA NORTH QUAY,"""",MARET,WISNUS,7998"
"943,SURABAYA NORTH QUAY,"""",APRIL,WISMAN,0"
"944,SURABAYA NORTH QUAY,"""",APRIL,WISNUS,6837"
"945,SURABAYA NORTH QUAY,"""",MEI,WISMAN,0"
"946,SURABAYA NORTH QUAY,"""",MEI,WISNUS,6837"
"947,SURABAYA NORTH QUAY,"""",JUNI,WISMAN,0"
"948,SURABAYA NORTH QUAY,"""",JUNI,WISNUS,6907"
"949,SURABAYA NORTH QUAY,"""",JULI,WISMAN,0"
"950,SURABAYA NORTH QUAY,"""",JULI,WISNUS,0"
"951,SURABAYA NORTH QUAY,"""",AGUSTUS,WISMAN,0"
"952,SURABAYA NORTH QUAY,"""",AGUSTUS,WISNUS,3129"
"953,SURABAYA NORTH QUAY,"""",SEPTEMBER,WISMAN,0"
"954,SURABAYA NORTH QUAY,"""",SEPTEMBER,WISNUS,6022"
"955,SURABAYA NORTH QUAY,"""",OKTOBER,WISMAN,0"
"956,SURABAYA NORTH QUAY,"""",OKTOBER,WISNUS,7832"
"957,SURABAYA NORTH QUAY,"""",NOPEMBER,WISMAN,0"
"958,SURABAYA NORTH QUAY,"""",NOPEMBER,WISNUS,6152"
"959,SURABAYA NORTH QUAY,"""",DESEMBER,WISMAN,0"
"960,SURABAYA NORTH QUAY,"""",DESEMBER,WISNUS,5471"
"961,MANGROVE MEDOKAN SAWAH,"""",JANUARI,WISMAN,0"
"962,MANGROVE MEDOKAN SAWAH,"""",JANUARI,WISNUS,0"
"963,MANGROVE MEDOKAN SAWAH,"""",FEBRUARI,WISMAN,0"
"964,MANGROVE MEDOKAN SAWAH,"""",FEBRUARI,WISNUS,0"
"965,MANGROVE MEDOKAN SAWAH,"""",MARET,WISMAN,0"
"966,MANGROVE MEDOKAN SAWAH,"""",MARET,WISNUS,0"
"967,MANGROVE MEDOKAN SAWAH,"""",APRIL,WISMAN,0"
"968,MANGROVE MEDOKAN SAWAH,"""",APRIL,WISNUS,0"
"969,MANGROVE MEDOKAN SAWAH,"""",MEI,WISMAN,0"
"970,MANGROVE MEDOKAN SAWAH,"""",MEI,WISNUS,1355"
"971,MANGROVE MEDOKAN SAWAH,"""",JUNI,WISMAN,0"
"972,MANGROVE MEDOKAN SAWAH,"""",JUNI,WISNUS,1421"
"973,MANGROVE MEDOKAN SAWAH,"""",JULI,WISMAN,0"
"974,MANGROVE MEDOKAN SAWAH,"""",JULI,WISNUS,0"
"975,MANGROVE MEDOKAN SAWAH,"""",AGUSTUS,WISMAN,0"
"976,MANGROVE MEDOKAN SAWAH,"""",AGUSTUS,WISNUS,0"
"977,MANGROVE MEDOKAN SAWAH,"""",SEPTEMBER,WISMAN,0"
"978,MANGROVE MEDOKAN SAWAH,"""",SEPTEMBER,WISNUS,0"
"979,MANGROVE MEDOKAN SAWAH,"""",OKTOBER,WISMAN,0"
"980,MANGROVE MEDOKAN SAWAH,"""",OKTOBER,WISNUS,480"
"981,MANGROVE MEDOKAN SAWAH,"""",NOPEMBER,WISMAN,0"
"982,MANGROVE MEDOKAN SAWAH,"""",NOPEMBER,WISNUS,1300"
"983,MANGROVE MEDOKAN SAWAH,"""",DESEMBER,WISMAN,0"
"984,MANGROVE MEDOKAN SAWAH,"""",DESEMBER,WISNUS,2105"
"985,PURA JAGAD KARANA,"""",JANUARI,WISMAN,0"
"986,PURA JAGAD KARANA,"""",JANUARI,WISNUS,0"
"987,PURA JAGAD KARANA,"""",FEBRUARI,WISMAN,0"
"988,PURA JAGAD KARANA,"""",FEBRUARI,WISNUS,0"
"989,PURA JAGAD KARANA,"""",MARET,WISMAN,0"
"990,PURA JAGAD KARANA,"""",MARET,WISNUS,0"
"991,PURA JAGAD KARANA,"""",APRIL,WISMAN,0"
"992,PURA JAGAD KARANA,"""",APRIL,WISNUS,0"
"993,PURA JAGAD KARANA,"""",MEI,WISMAN,0"
"994,PURA JAGAD KARANA,"""",MEI,WISNUS,0"
"995,PURA JAGAD KARANA,"""",JUNI,WISMAN,0"
"996,PURA JAGAD KARANA,"""",JUNI,WISNUS,0"
"997,PURA JAGAD KARANA,"""",JULI,WISMAN,0"
"998,PURA JAGAD KARANA,"""",JULI,WISNUS,0"
"999,PURA JAGAD KARANA,"""",AGUSTUS,WISMAN,0"
"1000,PURA JAGAD KARANA,"""",AGUSTUS,WISNUS,0"
"1001,PURA JAGAD KARANA,"""",SEPTEMBER,WISMAN,0"
"1002,PURA JAGAD KARANA,"""",SEPTEMBER,WISNUS,0"
"1003,PURA JAGAD KARANA,"""",OKTOBER,WISMAN,0"
"1004,PURA JAGAD KARANA,"""",OKTOBER,WISNUS,0"
"1005,PURA JAGAD KARANA,"""",NOPEMBER,WISMAN,0"
"1006,PURA JAGAD KARANA,"""",NOPEMBER,WISNUS,263"
"1007,PURA JAGAD KARANA,"""",DESEMBER,WISMAN,0"
"1008,PURA JAGAD KARANA,"""",DESEMBER,WISNUS,0"
"1009,BLOCKBUSTER,"""",JANUARI,WISMAN,0"
"1010,BLOCKBUSTER,"""",JANUARI,WISNUS,26"
"1011,BLOCKBUSTER,"""",FEBRUARI,WISMAN,0"
"1012,BLOCKBUSTER,"""",FEBRUARI,WISNUS,30"
"1013,BLOCKBUSTER,"""",MARET,WISMAN,0"
"1014,BLOCKBUSTER,"""",MARET,WISNUS,50"
"1015,BLOCKBUSTER,"""",APRIL,WISMAN,0"
"1016,BLOCKBUSTER,"""",APRIL,WISNUS,74"
"1017,BLOCKBUSTER,"""",MEI,WISMAN,0"
"1018,BLOCKBUSTER,"""",MEI,WISNUS,63"
"1019,BLOCKBUSTER,"""",JUNI,WISMAN,0"
"1020,BLOCKBUSTER,"""",JUNI,WISNUS,43"
"1021,BLOCKBUSTER,"""",JULI,WISMAN,0"
"1022,BLOCKBUSTER,"""",JULI,WISNUS,0"
"1023,BLOCKBUSTER,"""",AGUSTUS,WISMAN,0"
"1024,BLOCKBUSTER,"""",AGUSTUS,WISNUS,1"
"1025,BLOCKBUSTER,"""",SEPTEMBER,WISMAN,0"
"1026,BLOCKBUSTER,"""",SEPTEMBER,WISNUS,92"
"1027,BLOCKBUSTER,"""",OKTOBER,WISMAN,0"
"1028,BLOCKBUSTER,"""",OKTOBER,WISNUS,144"
"1029,BLOCKBUSTER,"""",NOPEMBER,WISMAN,0"
"1030,BLOCKBUSTER,"""",NOPEMBER,WISNUS,122"
"1031,BLOCKBUSTER,"""",DESEMBER,WISMAN,0"
"1032,BLOCKBUSTER,"""",DESEMBER,WISNUS,185"
"1033,"""","""","""","""","
